{
  "version": "1.0.2",
  "platformVersion": "14.0.0",
  "authentication": {
    "type": "oauth2",
    "test": {
      "headers": {
        "Authorization": "Bearer {{bundle.authData.access_token}}"
      },
      "url": "https://api.hubapi.com/files/v3/files/search"
    },
    "oauth2Config": {
      "authorizeUrl": {
        "url": "https://app.hubspot.com/oauth/authorize",
        "params": {
          "client_id": "{{process.env.CLIENT_ID}}",
          "state": "{{bundle.inputData.state}}",
          "redirect_uri": "{{bundle.inputData.redirect_uri}}",
          "response_type": "code"
        }
      },
      "getAccessToken": {
        "body": {
          "code": "{{bundle.inputData.code}}",
          "client_id": "{{process.env.CLIENT_ID}}",
          "client_secret": "{{process.env.CLIENT_SECRET}}",
          "grant_type": "authorization_code",
          "redirect_uri": "{{bundle.inputData.redirect_uri}}"
        },
        "headers": {
          "content-type": "application/x-www-form-urlencoded",
          "accept": "application/json"
        },
        "method": "POST",
        "url": "https://api.hubapi.com/oauth/v1/token"
      },
      "refreshAccessToken": {
        "body": {
          "refresh_token": "{{bundle.authData.refresh_token}}",
          "grant_type": "refresh_token",
          "client_id": "{{process.env.CLIENT_ID}}",
          "client_secret": "{{process.env.CLIENT_SECRET}}",
          "redirect_uri": "{{bundle.inputData.redirect_uri}}"
        },
        "headers": {
          "content-type": "application/x-www-form-urlencoded",
          "accept": "application/json"
        },
        "method": "POST",
        "url": "https://api.hubapi.com/oauth/v1/token"
      },
      "scope": "content files files.ui_hidden.read",
      "autoRefresh": true
    }
  },
  "creates": {
    "upload_files": {
      "key": "upload_files",
      "noun": "Files",
      "display": {
        "label": "Upload files",
        "description": "Upload files to HubSpot",
        "hidden": false,
        "important": true
      },
      "operation": {
        "inputFields": [
          {
            "key": "folder",
            "label": "Folder",
            "type": "string",
            "required": true,
            "list": false,
            "altersDynamicFields": false
          },
          {
            "key": "attachments",
            "children": [
              {
                "key": "id",
                "label": "ID",
                "type": "string",
                "required": true,
                "list": false,
                "altersDynamicFields": false
              },
              {
                "key": "name",
                "label": "Name",
                "type": "string",
                "required": true,
                "list": false,
                "altersDynamicFields": false
              },
              {
                "key": "file",
                "label": "file",
                "type": "string",
                "required": true,
                "list": false,
                "altersDynamicFields": false
              }
            ],
            "label": "Attachments",
            "required": false,
            "altersDynamicFields": false
          }
        ],
        "perform": "$func$2$f$"
      }
    },
    "create_blog_post": {
      "key": "create_blog_post",
      "noun": "Blog",
      "display": {
        "label": "Create blog post",
        "description": "Create blog post on HubSpot",
        "hidden": false,
        "important": true
      },
      "operation": {
        "inputFields": [
          {
            "key": "title",
            "label": "Blog Title",
            "type": "string",
            "required": true,
            "list": false,
            "altersDynamicFields": false
          },
          {
            "key": "content",
            "label": "Blog Content",
            "type": "string",
            "required": true,
            "list": false,
            "altersDynamicFields": false
          },
          {
            "key": "blog_url",
            "label": "Blog URL",
            "type": "string",
            "required": true,
            "list": false,
            "altersDynamicFields": false
          },
          {
            "key": "author_email",
            "label": "Blog Author Email",
            "type": "string",
            "required": true,
            "list": false,
            "altersDynamicFields": false
          },
          {
            "key": "author_name",
            "label": "Blog Author Name",
            "type": "string",
            "required": true,
            "list": false,
            "altersDynamicFields": false
          },
          {
            "key": "meta_description",
            "label": "Blog Meta Description",
            "type": "text",
            "required": true,
            "list": false,
            "altersDynamicFields": false
          },
          {
            "key": "slug",
            "label": "Blog Slug URL",
            "type": "string",
            "required": true,
            "list": false,
            "altersDynamicFields": false
          },
          {
            "key": "tags",
            "children": [
              {
                "key": "name",
                "label": "Name",
                "type": "string",
                "required": true,
                "list": false,
                "altersDynamicFields": false
              }
            ],
            "label": "Tags",
            "required": false,
            "altersDynamicFields": false
          }
        ],
        "perform": "$func$2$f$"
      }
    }
  },
  "triggers": {},
  "searches": {},
  "searchOrCreates": {}
}