{
  "version": "1.1.0",
  "platformVersion": "14.0.0",
  "authentication": {
    "type": "oauth2",
    "test": {
      "headers": {
        "Authorization": "Bearer {{bundle.authData.access_token}}"
      },
      "url": "https://api.hubapi.com/files/v3/files/search"
    },
    "oauth2Config": {
      "authorizeUrl": {
        "url": "https://app.hubspot.com/oauth/authorize",
        "params": {
          "client_id": "{{process.env.CLIENT_ID}}",
          "state": "{{bundle.inputData.state}}",
          "redirect_uri": "{{bundle.inputData.redirect_uri}}",
          "response_type": "code"
        }
      },
      "getAccessToken": {
        "body": {
          "code": "{{bundle.inputData.code}}",
          "client_id": "{{process.env.CLIENT_ID}}",
          "client_secret": "{{process.env.CLIENT_SECRET}}",
          "grant_type": "authorization_code",
          "redirect_uri": "{{bundle.inputData.redirect_uri}}"
        },
        "headers": {
          "content-type": "application/x-www-form-urlencoded",
          "accept": "application/json"
        },
        "method": "POST",
        "url": "https://api.hubapi.com/oauth/v1/token"
      },
      "refreshAccessToken": {
        "body": {
          "refresh_token": "{{bundle.authData.refresh_token}}",
          "grant_type": "refresh_token",
          "client_id": "{{process.env.CLIENT_ID}}",
          "client_secret": "{{process.env.CLIENT_SECRET}}",
          "redirect_uri": "{{bundle.inputData.redirect_uri}}"
        },
        "headers": {
          "content-type": "application/x-www-form-urlencoded",
          "accept": "application/json"
        },
        "method": "POST",
        "url": "https://api.hubapi.com/oauth/v1/token"
      },
      "scope": "content files files.ui_hidden.read social",
      "autoRefresh": true
    }
  },
  "creates": {
    "upload_files": {
      "key": "upload_files",
      "noun": "Files",
      "display": {
        "label": "Upload files",
        "description": "Upload files to HubSpot",
        "hidden": false,
        "important": true
      },
      "operation": {
        "inputFields": [
          {
            "key": "parent_folder",
            "label": "Parent folder ID",
            "type": "string",
            "dynamic": "fetch_folders.id.name",
            "required": true,
            "list": false,
            "altersDynamicFields": false
          },
          {
            "key": "folder",
            "label": "Folder",
            "type": "string",
            "required": true,
            "list": false,
            "altersDynamicFields": false
          },
          {
            "key": "attachments",
            "children": [
              {
                "key": "id",
                "label": "ID",
                "type": "string",
                "required": false,
                "list": false,
                "altersDynamicFields": false
              },
              {
                "key": "name",
                "label": "Name",
                "type": "string",
                "required": false,
                "list": false,
                "altersDynamicFields": false
              },
              {
                "key": "file",
                "label": "file",
                "type": "string",
                "required": false,
                "list": false,
                "altersDynamicFields": false
              }
            ],
            "label": "Attachments",
            "required": false,
            "altersDynamicFields": false
          },
          {
            "key": "should_return_url",
            "label": "Should return file URL",
            "type": "boolean",
            "required": true,
            "list": false,
            "altersDynamicFields": false
          }
        ],
        "perform": "$func$2$f$"
      }
    },
    "create_blog_post": {
      "key": "create_blog_post",
      "noun": "Blog",
      "display": {
        "label": "Create blog post",
        "description": "Create blog post on HubSpot",
        "hidden": false,
        "important": true
      },
      "operation": {
        "inputFields": [
          {
            "key": "title",
            "label": "Blog Title",
            "type": "string",
            "required": true,
            "list": false,
            "altersDynamicFields": false
          },
          {
            "key": "content",
            "label": "Blog Content",
            "type": "string",
            "required": true,
            "list": false,
            "altersDynamicFields": false
          },
          {
            "key": "blog_url",
            "label": "Blog URL",
            "type": "string",
            "required": true,
            "list": false,
            "altersDynamicFields": false
          },
          {
            "key": "author_email",
            "label": "Blog Author Email",
            "type": "string",
            "required": true,
            "list": false,
            "altersDynamicFields": false
          },
          {
            "key": "author_name",
            "label": "Blog Author Name",
            "type": "string",
            "required": true,
            "list": false,
            "altersDynamicFields": false
          },
          {
            "key": "meta_description",
            "label": "Blog Meta Description",
            "type": "text",
            "required": true,
            "list": false,
            "altersDynamicFields": false
          },
          {
            "key": "slug",
            "label": "Blog Slug URL",
            "type": "string",
            "required": true,
            "list": false,
            "altersDynamicFields": false
          },
          {
            "key": "featured_image",
            "label": "Featured Image",
            "type": "string",
            "required": true,
            "list": false,
            "altersDynamicFields": false
          },
          {
            "key": "featured_image_alt_text",
            "label": "Featured Image Alt Text",
            "type": "string",
            "required": true,
            "list": false,
            "altersDynamicFields": false
          },
          {
            "key": "tags",
            "children": [
              {
                "key": "name",
                "label": "Name",
                "type": "string",
                "required": false,
                "list": false,
                "altersDynamicFields": false
              }
            ],
            "label": "Tags",
            "required": false,
            "altersDynamicFields": false
          }
        ],
        "perform": "$func$2$f$"
      }
    },
    "update_blog_state": {
      "key": "update_blog_state",
      "noun": "Blog state",
      "display": {
        "label": "Update Blog post state (draft/published/scheduled)",
        "description": "Change Blog post state",
        "hidden": false,
        "important": true
      },
      "operation": {
        "inputFields": [
          {
            "key": "blog_title",
            "label": "Blog Title",
            "type": "string",
            "required": true,
            "list": false,
            "altersDynamicFields": false
          },
          {
            "key": "state",
            "label": "State",
            "type": "string",
            "required": true,
            "list": false,
            "altersDynamicFields": false
          },
          {
            "key": "publish_time",
            "label": "Scheduled publish time",
            "type": "datetime",
            "required": false,
            "list": false,
            "altersDynamicFields": false
          }
        ],
        "perform": "$func$2$f$"
      }
    },
    "create_social_post": {
      "key": "create_social_post",
      "noun": "Social post",
      "display": {
        "label": "Create social post",
        "description": "Create social post on HubSpot",
        "hidden": false,
        "important": true
      },
      "operation": {
        "inputFields": [
          {
            "key": "content",
            "label": "Social Post Content",
            "type": "string",
            "required": true,
            "list": false,
            "altersDynamicFields": false
          },
          {
            "key": "state",
            "label": "State",
            "helpText": "Draft: Post this content as DRAFT.\nSchedule: Post and schedule to post this content.\nPublish: Post and publish this content immediately.",
            "required": true,
            "choices": {
              "draft": "Draft",
              "schedule": "Schedule",
              "publish": "Publish"
            }
          },
          {
            "key": "schedule_time",
            "label": "Scheduled publish time",
            "helpText": "This field will be ignored if state is Draft or Publish.",
            "type": "datetime",
            "required": false,
            "list": false,
            "altersDynamicFields": false
          },
          {
            "key": "medias",
            "children": [
              {
                "key": "id",
                "label": "Media ID",
                "type": "string",
                "required": false,
                "list": false,
                "altersDynamicFields": false
              },
              {
                "key": "url",
                "label": "Media URL",
                "type": "string",
                "required": false,
                "list": false,
                "altersDynamicFields": false
              },
              {
                "key": "file_type",
                "label": "File type",
                "type": "string",
                "required": false,
                "list": false,
                "altersDynamicFields": false
              },
              {
                "key": "width",
                "label": "File width",
                "type": "string",
                "required": false,
                "list": false,
                "altersDynamicFields": false
              },
              {
                "key": "height",
                "label": "File height",
                "type": "string",
                "required": false,
                "list": false,
                "altersDynamicFields": false
              }
            ],
            "label": "Medias",
            "required": false,
            "altersDynamicFields": false
          },
          {
            "key": "channels",
            "children": [
              {
                "key": "type",
                "label": "Channel Type",
                "type": "string",
                "required": true,
                "list": false,
                "altersDynamicFields": false
              },
              {
                "key": "name",
                "label": "Name",
                "type": "string",
                "required": true,
                "list": false,
                "altersDynamicFields": false
              }
            ],
            "label": "Channels",
            "required": true,
            "altersDynamicFields": false
          }
        ],
        "perform": "$func$2$f$"
      }
    }
  },
  "triggers": {
    "fetch_folders": {
      "operation": {
        "perform": "$func$2$f$",
        "sample": {
          "id": "123456",
          "name": "FolderName"
        },
        "outputFields": [
          {
            "key": "id",
            "label": "id",
            "type": "string"
          },
          {
            "key": "name",
            "label": "name",
            "type": "string"
          }
        ]
      },
      "key": "fetch_folders",
      "noun": "HubSpot files folder",
      "display": {
        "label": "Fetch HubSpot files folder",
        "description": "Fetch HubSpot files folder for user to select when uploading files",
        "hidden": true,
        "important": false
      }
    }
  },
  "searches": {},
  "searchOrCreates": {}
}